experiment,condition,trial,success,notes
baseline,original setup,1,1,worked
baseline,original setup,2,1,worked
baseline,original setup,3,1,worked
position,cube moved 10 cm right,1,1,worked
position,cube moved 10 cm right,2,1,worked
position,cube moved 10 cm right,3,1,worked
similar cube,similar red cube nearby,1,1,worked
similar cube,similar red cube nearby,2,1,worked
similar cube,similar red cube nearby,3,1,worked
multiple cubes,"several red cubes, target closest to tray",1,1,worked
multiple cubes,"several red cubes, target closest to tray",2,1,worked
multiple cubes,"several red cubes, target closest to tray",3,1,worked
blocked cube,target partly blocked by mug,1,1,worked
blocked cube,target partly blocked by mug,2,1,worked
blocked cube,target partly blocked by mug,3,1,worked
